username,password
u0501,DNxril3RavGD
u0502,5MfvJ7NScUyk
u0503,T8C8UBkkpdhi
u0504,G37LeXSyYV4g
u0505,6snRoUYA4fXr
u0506,6nzrvZcmT4a4
u0507,Ad5y2FibpBV6
u0508,2h9MahWLm52m
u0509,va5fiI6bGfKF
u0510,I6mAezmOWfSL
u0511,jl8MU9cdrJRM
u0512,2jVrVKch3Tz8
u0513,5pkNGcVx2RHL
u0514,KXSf3wh34LxC
u0515,nzm8KVbyZMva
u0516,BhnoCru0ftOs
u0517,gHYdbyXJZBFw
u0518,TXpKVeBPog9W
u0519,zGx93JxiQskS
u0520,14qbd8Zlq8kh
u0521,MjaddCnYysNa
u0522,9ZwsjEJri9fV
u0523,JsSheACjTJWY
u0524,yL4ZkQTrXM4M
u0525,Fwg7drHilZO0
u0526,fkXYo2amlEDL
u0527,JIyflJEL8qIe
u0528,8PbLL4BItHHI
u0529,P6Ye4PKI9teU
u0530,oUiggSFDdF4O
u0531,UdRMbxp4Dox0
u0532,9UKNF4pcNMfN
u0533,dRAALefmcMWl
u0534,febwNEJIEbTX
u0535,evfYuaD9CLjy
u0536,E1ig5wQoCXim
u0537,9oghdhe8Pfxg
u0538,VbDOHmx3Ofpa
